{"cameraMode":{"drawMode":0,"name":"Shaded","section":"Shading Mode"},"sceneLighting":false,"audioPlay":false,"sceneViewState":{"showFog":false,"showMaterialUpdate":false,"showSkybox":false,"showFlares":false,"showImageEffects":false,"showParticleSystems":false},"in2DMode":false,"pivot":{"x":1.3672540187835694,"y":1.495926856994629,"z":-9.189396858215332},"rotation":{"x":-0.21176299452781678,"y":0.0451250784099102,"z":-0.00981634110212326,"w":-0.9762294292449951},"size":2.3383421897888185,"orthographic":false}